scene_id,sensor,acquisition_datetime,motivo_invalidez
LE72330832000075EDC00,L7,2000-03-15T14:26:14,enmascarado_por_qa(0/9_validos)
LE72320832000132EDC00,L7,2000-05-11T14:19:37,enmascarado_por_qa(0/9_validos)
LE72330832000139EDC00,L7,2000-05-18T14:25:45,enmascarado_por_qa(0/9_validos)
LE72320832000324EDC00,L7,2000-11-19T14:17:49,enmascarado_por_qa(0/9_validos)
LE72330832001157COA01,L7,2001-06-06T14:23:19,enmascarado_por_qa(0/9_validos)
LE72330832001221COA00,L7,2001-08-09T14:22:38,enmascarado_por_qa(0/9_validos)
LE72320832001230COA00,L7,2001-08-18T14:16:19,enmascarado_por_qa(0/9_validos)
LE72330832002016COA00,L7,2002-01-16T14:22:27,ndwi_negativo
LE72320832002233EDC00,L7,2002-08-21T14:15:36,enmascarado_por_qa(0/9_validos)
LE72330832003019AGS00,L7,2003-01-19T14:22:09,enmascarado_por_qa(0/9_validos)
LE72330832003051AGS00,L7,2003-02-20T14:22:20,enmascarado_por_qa(0/9_validos)
LE72320832003204ASN02,L7,2003-07-23T14:16:00,enmascarado_por_qa(2/9_validos)
LE72320832003236ASN01,L7,2003-08-24T14:15:52,enmascarado_por_qa(0/9_validos)
LE72330832003275EDC01,L7,2003-10-02T14:21:50,enmascarado_por_qa(0/9_validos)
LE72320832003300COA00,L7,2003-10-27T14:15:53,enmascarado_por_qa(0/9_validos)
LE72330832003307COA00,L7,2003-11-03T14:22:04,enmascarado_por_qa(0/9_validos)
LE72320832003348EDC02,L7,2003-12-14T14:16:16,enmascarado_por_qa(0/9_validos)
LE72330832003355ASN01,L7,2003-12-21T14:22:31,enmascarado_por_qa(0/9_validos)
LE72320832004047EDC03,L7,2004-02-16T14:16:36,enmascarado_por_qa(0/9_validos)
LE72320832004095EDC02,L7,2004-04-04T14:16:44,enmascarado_por_qa(0/9_validos)
LE72330832004150ASN01,L7,2004-05-29T14:22:49,enmascarado_por_qa(0/9_validos)
LE72330832004182EDC01,L7,2004-06-30T14:22:41,enmascarado_por_qa(0/9_validos)
LE72330832004230EDC02,L7,2004-08-17T14:22:28,enmascarado_por_qa(0/9_validos)
LE72320832004271EDC02,L7,2004-09-27T14:16:05,enmascarado_por_qa(0/9_validos)
LE72320832004287COA00,L7,2004-10-13T14:16:04,enmascarado_por_qa(0/9_validos)
LE72320832004303EDC00,L7,2004-10-29T14:16:19,enmascarado_por_qa(0/9_validos)
LE72330832005008EDC00,L7,2005-01-08T14:23:03,enmascarado_por_qa(0/9_validos)
LE72330832005024EDC00,L7,2005-01-24T14:23:03,enmascarado_por_qa(0/9_validos)
LE72320832005049EDC00,L7,2005-02-18T14:17:07,enmascarado_por_qa(0/9_validos)
LE72330832005056EDC00,L7,2005-02-25T14:23:20,enmascarado_por_qa(0/9_validos)
LE72320832005065EDC01,L7,2005-03-06T14:17:11,enmascarado_por_qa(0/9_validos)
LE72330832005072EDC00,L7,2005-03-13T14:23:22,enmascarado_por_qa(0/9_validos)
LE72330832005136EDC00,L7,2005-05-16T14:23:17,enmascarado_por_qa(0/9_validos)
LE72330832005152ASN00,L7,2005-06-01T14:23:13,enmascarado_por_qa(0/9_validos)
LE72320832005257EDC00,L7,2005-09-14T14:16:33,enmascarado_por_qa(0/9_validos)
LE72320832005273EDC00,L7,2005-09-30T14:16:33,enmascarado_por_qa(0/9_validos)
LE72330832005280ASN00,L7,2005-10-07T14:22:40,enmascarado_por_qa(0/9_validos)
LE72330832006075EDC00,L7,2006-03-16T14:23:46,enmascarado_por_qa(0/9_validos)
LE72330832006091EDC00,L7,2006-04-01T14:23:44,enmascarado_por_qa(0/9_validos)
LE72330832006123EDC00,L7,2006-05-03T14:23:43,enmascarado_por_qa(0/9_validos)
LE72320832006132COA00,L7,2006-05-12T14:17:33,ndwi_negativo
LE72320832006212ASN00,L7,2006-07-31T14:17:11,enmascarado_por_qa(0/9_validos)
LE72330832006283EDC00,L7,2006-10-10T14:23:04,enmascarado_por_qa(0/9_validos)
LE72320832006292EDC00,L7,2006-10-19T14:17:02,enmascarado_por_qa(0/9_validos)
LE72320832006308EDC00,L7,2006-11-04T14:17:17,enmascarado_por_qa(2/9_validos)
LE72320832007023EDC00,L7,2007-01-23T14:17:46,enmascarado_por_qa(0/9_validos)
LE72320832007103EDC01,L7,2007-04-13T14:18:00,enmascarado_por_qa(0/9_validos)
LE72330832007190EDC00,L7,2007-07-09T14:23:53,enmascarado_por_qa(0/9_validos)
LE72330832007206ASN00,L7,2007-07-25T14:23:49,enmascarado_por_qa(0/9_validos)
LE72330832007222EDC00,L7,2007-08-10T14:23:44,enmascarado_por_qa(0/9_validos)
LE72320832008010EDC00,L7,2008-01-10T14:17:51,enmascarado_por_qa(0/9_validos)
LE72330832008081EDC00,L7,2008-03-21T14:23:49,enmascarado_por_qa(0/9_validos)
LE72320832009012EDC00,L7,2009-01-12T14:17:10,enmascarado_por_qa(2/9_validos)
LE72330832009051EDC00,L7,2009-02-20T14:23:38,enmascarado_por_qa(0/9_validos)
LE72330832009067EDC00,L7,2009-03-08T14:23:46,enmascarado_por_qa(0/9_validos)
LE72330832009083EDC02,L7,2009-03-24T14:23:53,enmascarado_por_qa(0/9_validos)
LE72330832009099EDC00,L7,2009-04-09T14:23:59,enmascarado_por_qa(0/9_validos)
LE72320832009188EDC01,L7,2009-07-07T14:17:51,enmascarado_por_qa(0/9_validos)
LE72320832009204EDC00,L7,2009-07-23T14:17:46,enmascarado_por_qa(0/9_validos)
LE72330832009211COA00,L7,2009-07-30T14:23:55,enmascarado_por_qa(0/9_validos)
LE72330832009259EDC00,L7,2009-09-16T14:23:49,enmascarado_por_qa(0/9_validos)
LE72320832009300EDC00,L7,2009-10-27T14:17:50,enmascarado_por_qa(0/9_validos)
LE72320832009316EDC00,L7,2009-11-12T14:18:04,enmascarado_por_qa(0/9_validos)
LE72330832009339EDC01,L7,2009-12-05T14:24:31,enmascarado_por_qa(0/9_validos)
LE72320832009348EDC00,L7,2009-12-14T14:18:28,enmascarado_por_qa(0/9_validos)
LE72330832010102ASN00,L7,2010-04-12T14:25:53,enmascarado_por_qa(0/9_validos)
LE72320832010111EDC00,L7,2010-04-21T14:19:42,enmascarado_por_qa(0/9_validos)
LE72330832010134COA00,L7,2010-05-14T14:25:47,enmascarado_por_qa(0/9_validos)
LE72330832010198ASN00,L7,2010-07-17T14:25:53,enmascarado_por_qa(0/9_validos)
LE72330832010214EDC00,L7,2010-08-02T14:25:53,enmascarado_por_qa(0/9_validos)
LE72330832010230EDC00,L7,2010-08-18T14:25:54,enmascarado_por_qa(0/9_validos)
LE72320832010239ASN00,L7,2010-08-27T14:19:45,enmascarado_por_qa(0/9_validos)
LE72330832010262EDC00,L7,2010-09-19T14:25:57,enmascarado_por_qa(0/9_validos)
LE72320832010303EDC00,L7,2010-10-30T14:20:00,enmascarado_por_qa(0/9_validos)
LE72330832010326EDC01,L7,2010-11-22T14:26:29,enmascarado_por_qa(0/9_validos)
LE72330832011009EDC00,L7,2011-01-09T14:26:55,enmascarado_por_qa(0/9_validos)
LE72330832011025EDC00,L7,2011-01-25T14:27:02,enmascarado_por_qa(0/9_validos)
LE72330832011057EDC00,L7,2011-02-26T14:27:11,enmascarado_por_qa(0/9_validos)
LE72330832011121ASN00,L7,2011-05-01T14:27:17,enmascarado_por_qa(0/9_validos)
LE72330832011169COA00,L7,2011-06-18T14:27:14,enmascarado_por_qa(0/9_validos)
LE72320832011226ASN00,L7,2011-08-14T14:20:54,enmascarado_por_qa(0/9_validos)
LE72330832011249ASN00,L7,2011-09-06T14:27:00,enmascarado_por_qa(0/9_validos)
LE72320832011258ASN00,L7,2011-09-15T14:20:46,enmascarado_por_qa(0/9_validos)
LE72330832011265ASN00,L7,2011-09-22T14:26:56,enmascarado_por_qa(0/9_validos)
LE72320832011274ASN00,L7,2011-10-01T14:20:45,enmascarado_por_qa(0/9_validos)
LE72330832011281EDC00,L7,2011-10-08T14:26:53,enmascarado_por_qa(0/9_validos)
LE72320832011290EDC00,L7,2011-10-17T14:20:47,enmascarado_por_qa(0/9_validos)
LE72320832011322EDC00,L7,2011-11-18T14:21:06,enmascarado_por_qa(0/9_validos)
LE72330832011361EDC00,L7,2011-12-27T14:27:38,enmascarado_por_qa(0/9_validos)
LE72320832012005EDC00,L7,2012-01-05T14:21:31,enmascarado_por_qa(0/9_validos)
LE72330832012028EDC00,L7,2012-01-28T14:27:41,enmascarado_por_qa(0/9_validos)
LE72330832012044EDC00,L7,2012-02-13T14:27:48,enmascarado_por_qa(0/9_validos)
LE72320832012053EDC00,L7,2012-02-22T14:21:37,enmascarado_por_qa(0/9_validos)
LE72330832012092CUB03,L7,2012-04-01T14:27:46,enmascarado_por_qa(0/9_validos)
LE72320832012197CUB00,L7,2012-07-15T14:22:17,enmascarado_por_qa(0/9_validos)
LE72330832012220CUB00,L7,2012-08-07T14:28:43,enmascarado_por_qa(0/9_validos)
LE72330832012284CUB00,L7,2012-10-10T14:29:19,enmascarado_por_qa(0/9_validos)
LE72320832012293EDC00,L7,2012-10-19T14:23:16,enmascarado_por_qa(0/9_validos)
LE72330832012316COA00,L7,2012-11-11T14:29:34,enmascarado_por_qa(0/9_validos)
LE72330832012332CUB03,L7,2012-11-27T14:29:39,enmascarado_por_qa(0/9_validos)
LE72330832012364CUB00,L7,2012-12-29T14:29:50,enmascarado_por_qa(0/9_validos)
LE72320832013023CUB00,L7,2013-01-23T14:23:40,enmascarado_por_qa(0/9_validos)
LE72330832013030CUB00,L7,2013-01-30T14:29:53,enmascarado_por_qa(0/9_validos)
LE72320832013103CUB01,L7,2013-04-13T14:23:30,enmascarado_por_qa(0/9_validos)
LE72330832013110CUB00,L7,2013-04-20T14:29:36,enmascarado_por_qa(0/9_validos)
LE72330832013126CUB00,L7,2013-05-06T14:29:33,enmascarado_por_qa(0/9_validos)
LC82320832013175LGN01,L8-9,2013-06-24T14:29:25,enmascarado_por_qa(1/9_validos)
LE72330832013222CUB00,L7,2013-08-10T14:28:53,enmascarado_por_qa(0/9_validos)
LE72330832013238CUB00,L7,2013-08-26T14:29:04,enmascarado_por_qa(0/9_validos)
LE72320832013263CUB00,L7,2013-09-20T14:23:11,enmascarado_por_qa(0/9_validos)
LE72330832013270COA00,L7,2013-09-27T14:29:26,enmascarado_por_qa(0/9_validos)
LE72330832013302CUB01,L7,2013-10-29T14:29:44,enmascarado_por_qa(0/9_validos)
LE72320832013311CUB01,L7,2013-11-07T14:23:38,enmascarado_por_qa(0/9_validos)
LE72330832013334CUB00,L7,2013-11-30T14:29:58,enmascarado_por_qa(0/9_validos)
LE72320832013343CUB00,L7,2013-12-09T14:23:50,enmascarado_por_qa(0/9_validos)
LE72320832013359CUB00,L7,2013-12-25T14:23:53,ndwi_negativo
LE72330832014017ASN00,L7,2014-01-17T14:30:17,enmascarado_por_qa(0/9_validos)
LE72330832014033ASN00,L7,2014-02-02T14:30:33,enmascarado_por_qa(0/9_validos)
LE72330832014065ASN00,L7,2014-03-06T14:30:28,enmascarado_por_qa(0/9_validos)
LE72330832014097CUB00,L7,2014-04-07T14:30:39,ndwi_negativo
LE72320832014106ASN00,L7,2014-04-16T14:24:35,enmascarado_por_qa(0/9_validos)
LE72330832014177CUB00,L7,2014-06-26T14:31:08,enmascarado_por_qa(0/9_validos)
LE72330832014273EDC00,L7,2014-09-30T14:31:31,enmascarado_por_qa(0/9_validos)
LE72320832014314ASN00,L7,2014-11-10T14:25:44,enmascarado_por_qa(0/9_validos)
LE72320832014330ASN00,L7,2014-11-26T14:25:48,enmascarado_por_qa(0/9_validos)
LE72330832014337ASN00,L7,2014-12-03T14:32:03,enmascarado_por_qa(0/9_validos)
LE72330832014353ASN00,L7,2014-12-19T14:32:12,enmascarado_por_qa(0/9_validos)
LE72320832014362ASN00,L7,2014-12-28T14:26:00,enmascarado_por_qa(0/9_validos)
LE72320832015109ASN00,L7,2015-04-19T14:26:43,enmascarado_por_qa(0/9_validos)
LE72330832015116EDC00,L7,2015-04-26T14:32:57,enmascarado_por_qa(0/9_validos)
LE72320832015125ASN00,L7,2015-05-05T14:26:49,enmascarado_por_qa(0/9_validos)
LC82330832015156LGN01,L8-9,2015-06-05T14:32:51,enmascarado_por_qa(0/9_validos)
LC82320832015165LGN01,L8-9,2015-06-14T14:26:46,enmascarado_por_qa(0/9_validos)
LC82320832015197LGN01,L8-9,2015-07-16T14:27:03,enmascarado_por_qa(0/9_validos)
LE72320832015221EDC00,L7,2015-08-09T14:27:19,enmascarado_por_qa(0/9_validos)
LE72330832015228EDC00,L7,2015-08-16T14:33:31,enmascarado_por_qa(0/9_validos)
LE72330832015260CUB00,L7,2015-09-17T14:33:37,enmascarado_por_qa(0/9_validos)
LC82320832015293LGN01,L8-9,2015-10-20T14:27:32,enmascarado_por_qa(0/9_validos)
LC82330832015316LGN01,L8-9,2015-11-12T14:33:46,enmascarado_por_qa(0/9_validos)
LE72330832015324EDC00,L7,2015-11-20T14:34:28,enmascarado_por_qa(0/9_validos)
LC82320832015325LGN01,L8-9,2015-11-21T14:27:38,enmascarado_por_qa(0/9_validos)
LC82320832015357LGN01,L8-9,2015-12-23T14:27:38,enmascarado_por_qa(0/9_validos)
LE72320832015365EDC00,L7,2015-12-31T14:28:53,enmascarado_por_qa(0/9_validos)
LE72330832016039EDC00,L7,2016-02-08T14:35:31,enmascarado_por_qa(0/9_validos)
LE72330832016055EDC00,L7,2016-02-24T14:35:33,enmascarado_por_qa(0/9_validos)
LC82320832016056LGN01,L8-9,2016-02-25T14:27:23,enmascarado_por_qa(0/9_validos)
LE72320832016112EDC00,L7,2016-04-21T14:29:48,enmascarado_por_qa(0/9_validos)
LE72320832016144EDC00,L7,2016-05-23T14:29:56,enmascarado_por_qa(0/9_validos)
LC82320832016152LGN01,L8-9,2016-05-31T14:27:09,ndwi_negativo
LE72330832016231ASN00,L7,2016-08-18T14:36:18,enmascarado_por_qa(0/9_validos)
LE72320832016240ASN00,L7,2016-08-27T14:30:10,enmascarado_por_qa(0/9_validos)
LE72330832016247ASN00,L7,2016-09-03T14:36:22,enmascarado_por_qa(0/9_validos)
LE72330832016263ASN00,L7,2016-09-19T14:36:24,enmascarado_por_qa(0/9_validos)
LC82330832016319LGN01,L8-9,2016-11-14T14:34:00,enmascarado_por_qa(0/9_validos)
LE72320832017002CUB00,L7,2017-01-02T14:29:46,enmascarado_por_qa(0/9_validos)
LE72330832017089ASN00,L7,2017-03-30T14:35:54,enmascarado_por_qa(0/9_validos)
LE72320832017162ASN00,L7,2017-06-11T14:30:05,enmascarado_por_qa(0/9_validos)
LE72330832017169ASN00,L7,2017-06-18T14:36:18,enmascarado_por_qa(0/9_validos)
LC82320832017170LGN00,L8-9,2017-06-19T14:27:13,enmascarado_por_qa(0/9_validos)
LE72320832017178EDC00,L7,2017-06-27T14:30:08,enmascarado_por_qa(2/9_validos)
LE72330832017233ASN00,L7,2017-08-21T14:36:17,enmascarado_por_qa(0/9_validos)
LC82330832017273LGN00,L8-9,2017-09-30T14:33:54,enmascarado_por_qa(0/9_validos)
LE72320832017274ASN00,L7,2017-10-01T14:30:05,enmascarado_por_qa(0/9_validos)
LE72330832017281CUB00,L7,2017-10-08T14:36:17,enmascarado_por_qa(0/9_validos)
LC82320832017282LGN00,L8-9,2017-10-09T14:27:46,enmascarado_por_qa(0/9_validos)
LE72320832017290EDC00,L7,2017-10-17T14:30:07,enmascarado_por_qa(0/9_validos)
LE72330832017297EDC00,L7,2017-10-24T14:36:19,enmascarado_por_qa(0/9_validos)
LE72330832017313EDC00,L7,2017-11-09T14:36:17,enmascarado_por_qa(0/9_validos)
LC82330832017337LGN00,L8-9,2017-12-03T14:33:49,enmascarado_por_qa(0/9_validos)
LE72330832017361EDC00,L7,2017-12-27T14:35:53,enmascarado_por_qa(0/9_validos)
LE72320832018005EDC00,L7,2018-01-05T14:29:36,enmascarado_por_qa(2/9_validos)
LE72320832018021EDC00,L7,2018-01-21T14:29:21,enmascarado_por_qa(0/9_validos)
LE72330832018044EDC00,L7,2018-02-13T14:35:12,enmascarado_por_qa(0/9_validos)
LE72330832018076EDC00,L7,2018-03-17T14:34:50,enmascarado_por_qa(0/9_validos)
LE72320832018117EDC00,L7,2018-04-27T14:28:01,enmascarado_por_qa(0/9_validos)
LE72330832018124EDC00,L7,2018-05-04T14:34:04,enmascarado_por_qa(0/9_validos)
LE72330832018172EDC00,L7,2018-06-21T14:33:15,enmascarado_por_qa(0/9_validos)
LE72320832018197EDC00,L7,2018-07-16T14:26:35,enmascarado_por_qa(0/9_validos)
LE72330832018236EDC00,L7,2018-08-24T14:32:03,enmascarado_por_qa(0/9_validos)
LE72320832018245EDC00,L7,2018-09-02T14:25:41,enmascarado_por_qa(2/9_validos)
LE72320832018277EDC00,L7,2018-10-04T14:24:57,enmascarado_por_qa(0/9_validos)
LE72330832018332EDC00,L7,2018-11-28T14:29:50,enmascarado_por_qa(0/9_validos)
LC82330832018340LGN00,L8-9,2018-12-06T14:33:34,enmascarado_por_qa(0/9_validos)
LE72330832018348EDC00,L7,2018-12-14T14:29:25,enmascarado_por_qa(0/9_validos)
LE72320832018357EDC00,L7,2018-12-23T14:22:58,enmascarado_por_qa(0/9_validos)
LE72320832019008EDC00,L7,2019-01-08T14:22:29,enmascarado_por_qa(0/9_validos)
LE72320832019024EDC01,L7,2019-01-24T14:21:58,enmascarado_por_qa(0/9_validos)
LE72330832019031EDC00,L7,2019-01-31T14:27:55,enmascarado_por_qa(0/9_validos)
LE72320832019040EDC00,L7,2019-02-09T14:21:29,enmascarado_por_qa(0/9_validos)
LE72330832019063EDC00,L7,2019-03-04T14:26:58,enmascarado_por_qa(0/9_validos)
LC82320832019080LGN00,L8-9,2019-03-21T14:27:04,enmascarado_por_qa(0/9_validos)
LE72330832019095EDC00,L7,2019-04-05T14:25:53,enmascarado_por_qa(0/9_validos)
LE72320832019104EDC00,L7,2019-04-14T14:19:23,enmascarado_por_qa(0/9_validos)
LE72330832019111EDC00,L7,2019-04-21T14:25:19,enmascarado_por_qa(0/9_validos)
LE72320832019136EDC00,L7,2019-05-16T14:18:10,enmascarado_por_qa(0/9_validos)
LE72330832019143EDC00,L7,2019-05-23T14:24:05,enmascarado_por_qa(1/9_validos)
LC82320832019144LGN00,L8-9,2019-05-24T14:27:09,enmascarado_por_qa(0/9_validos)
LE72330832019159EDC00,L7,2019-06-08T14:23:31,enmascarado_por_qa(0/9_validos)
LC82330832019183LGN00,L8-9,2019-07-02T14:33:35,enmascarado_por_qa(0/9_validos)
LE72320832019184EDC00,L7,2019-07-03T14:16:25,enmascarado_por_qa(0/9_validos)
LE72320832019200EDC00,L7,2019-07-19T14:15:47,enmascarado_por_qa(0/9_validos)
LC82320832019208LGN00,L8-9,2019-07-27T14:27:30,enmascarado_por_qa(0/9_validos)
LE72320832019216EDC00,L7,2019-08-04T14:15:08,enmascarado_por_qa(0/9_validos)
LE72330832019223EDC00,L7,2019-08-11T14:21:02,enmascarado_por_qa(0/9_validos)
LE72320832019264EDC00,L7,2019-09-21T14:13:05,enmascarado_por_qa(0/9_validos)
LE72330832019271EDC00,L7,2019-09-28T14:18:58,enmascarado_por_qa(0/9_validos)
LE72330832019303EDC00,L7,2019-10-30T14:17:36,enmascarado_por_qa(0/9_validos)
LE72320832019312EDC00,L7,2019-11-08T14:11:01,enmascarado_por_qa(0/9_validos)
LE72320832019344EDC00,L7,2019-12-10T14:09:29,enmascarado_por_qa(0/9_validos)
LE72330832020018EDC00,L7,2020-01-18T14:13:41,enmascarado_por_qa(0/9_validos)
LC82320832020019LGN00,L8-9,2020-01-19T14:27:39,enmascarado_por_qa(0/9_validos)
LE72330832020034EDC00,L7,2020-02-03T14:12:53,enmascarado_por_qa(0/9_validos)
LE72320832020043EDC00,L7,2020-02-12T14:06:15,enmascarado_por_qa(0/9_validos)
LE72330832020066EDC00,L7,2020-03-06T14:11:12,enmascarado_por_qa(0/9_validos)
LE72330832020146EDC00,L7,2020-05-25T14:06:32,enmascarado_por_qa(0/9_validos)
LE72330832020162EDC00,L7,2020-06-10T14:05:36,enmascarado_por_qa(0/9_validos)
LC82320832020179LGN00,L8-9,2020-06-27T14:27:14,enmascarado_por_qa(0/9_validos)
LE72330832020226EDC00,L7,2020-08-13T14:01:42,enmascarado_por_qa(0/9_validos)
LE72330832020258EDC00,L7,2020-09-14T13:59:37,enmascarado_por_qa(0/9_validos)
LC82320832020275LGN00,L8-9,2020-10-01T14:27:48,enmascarado_por_qa(0/9_validos)
LE72320832020283EDC00,L7,2020-10-09T13:51:49,enmascarado_por_qa(0/9_validos)
LE72330832020306EDC00,L7,2020-11-01T13:56:30,enmascarado_por_qa(0/9_validos)
LC82330832020314LGN00,L8-9,2020-11-09T14:33:57,enmascarado_por_qa(0/9_validos)
LC82330832020362LGN00,L8-9,2020-12-27T14:33:58,enmascarado_por_qa(0/9_validos)
LE72320832021029EDC00,L7,2021-01-29T13:43:57,enmascarado_por_qa(0/9_validos)
LE72330832021180EDC00,L7,2021-06-29T13:37:52,enmascarado_por_qa(0/9_validos)
LE72330832021196EDC00,L7,2021-07-15T13:36:31,enmascarado_por_qa(0/9_validos)
LC82320832021197LGN00,L8-9,2021-07-16T14:27:24,enmascarado_por_qa(0/9_validos)
LE72320832021221EDC00,L7,2021-08-09T13:28:09,enmascarado_por_qa(0/9_validos)
LE72320832021237EDC00,L7,2021-08-25T13:26:45,enmascarado_por_qa(0/9_validos)
LE72320832021253EDC00,L7,2021-09-10T13:25:21,enmascarado_por_qa(1/9_validos)
LE72330832021260EDC00,L7,2021-09-17T13:30:55,enmascarado_por_qa(0/9_validos)
LE72320832021269EDC00,L7,2021-09-26T13:23:55,enmascarado_por_qa(0/9_validos)
LE72330832021276EDC00,L7,2021-10-03T13:29:29,enmascarado_por_qa(0/9_validos)
LC82330832021348LGN00,L8-9,2021-12-14T14:34:01,enmascarado_por_qa(0/9_validos)
LE72320832022032EDC00,L7,2022-02-01T13:11:48,enmascarado_por_qa(2/9_validos)
LC92320832022032LGN01,L8-9,2022-02-01T14:27:46,enmascarado_por_qa(0/9_validos)
LE72330832022055EDC00,L7,2022-02-24T13:15:41,enmascarado_por_qa(0/9_validos)
LC92330832022055LGN01,L8-9,2022-02-24T14:33:46,enmascarado_por_qa(0/9_validos)
LC92320832022080LGN01,L8-9,2022-03-21T14:27:28,enmascarado_por_qa(0/9_validos)
LE72330832022087EDC00,L7,2022-03-28T13:12:34,enmascarado_por_qa(0/9_validos)
LE72330832022139EDC00,L7,2022-05-19T13:04:39,ndwi_negativo
LC82330832022159LGN00,L8-9,2022-06-08T14:33:46,enmascarado_por_qa(0/9_validos)
LC92330832022167LGN01,L8-9,2022-06-16T14:33:18,ndwi_negativo
LC92330832022199LGN01,L8-9,2022-07-18T14:33:32,enmascarado_por_qa(0/9_validos)
LE72330832022207EDC00,L7,2022-07-26T13:00:23,enmascarado_por_qa(0/9_validos)
LE72320832022236EDC00,L7,2022-08-24T12:52:04,enmascarado_por_qa(0/9_validos)
LE72320832022253EDC00,L7,2022-09-10T12:50:26,enmascarado_por_qa(2/9_validos)
LE72320832022304EDC00,L7,2022-10-31T12:44:27,enmascarado_por_qa(0/9_validos)
LC92330832022311LGN01,L8-9,2022-11-07T14:34:06,enmascarado_por_qa(0/9_validos)
LE72330832022326EDC00,L7,2022-11-22T12:47:06,enmascarado_por_qa(2/9_validos)
LE72330832023017EDC00,L7,2023-01-17T12:43:43,enmascarado_por_qa(1/9_validos)
LE72320832023051EDC00,L7,2023-02-20T12:36:30,enmascarado_por_qa(0/9_validos)
LE72320832023068EDC00,L7,2023-03-09T12:32:11,enmascarado_por_qa(0/9_validos)
LE72330832023095ASN00,L7,2023-04-05T12:35:41,enmascarado_por_qa(0/9_validos)
LC82320832023107LGN00,L8-9,2023-04-17T14:27:01,enmascarado_por_qa(1/9_validos)
LC82330832023130LGN00,L8-9,2023-05-10T14:33:00,enmascarado_por_qa(0/9_validos)
LC92330832023138LGN00,L8-9,2023-05-18T14:33:14,enmascarado_por_qa(0/9_validos)
LC82320832023139LGN00,L8-9,2023-05-19T14:26:46,enmascarado_por_qa(0/9_validos)
LC92330832023186LGN00,L8-9,2023-07-05T14:33:12,enmascarado_por_qa(0/9_validos)
LC82320832023219LGN00,L8-9,2023-08-07T14:27:21,enmascarado_por_qa(0/9_validos)
LE72330832023254SG100,L7,2023-09-11T12:14:32,enmascarado_por_qa(2/9_validos)
LC82330832024101LGN00,L8-9,2024-04-10T14:33:15,enmascarado_por_qa(0/9_validos)
LC92320832024118LGN00,L8-9,2024-04-27T14:27:07,enmascarado_por_qa(0/9_validos)
LC92330832024125LGN00,L8-9,2024-05-04T14:33:16,enmascarado_por_qa(0/9_validos)
LC92320832024198LGN00,L8-9,2024-07-16T14:26:56,enmascarado_por_qa(0/9_validos)
LC92330832024237LGN00,L8-9,2024-08-24T14:33:26,enmascarado_por_qa(0/9_validos)
LC82320832024238LGN00,L8-9,2024-08-25T14:27:15,enmascarado_por_qa(0/9_validos)
LC82330832024341LGN00,L8-9,2024-12-06T14:33:46,enmascarado_por_qa(0/9_validos)
LC82320832024366LGN00,L8-9,2024-12-31T14:27:33,enmascarado_por_qa(0/9_validos)
LC82320832025176LGN00,L8-9,2025-06-25T14:27:13,enmascarado_por_qa(0/9_validos)
LC82330832025183LGN00,L8-9,2025-07-02T14:33:26,enmascarado_por_qa(0/9_validos)
LC82330832025199LGN00,L8-9,2025-07-18T14:33:31,ndwi_negativo
LC92320832025200LGN00,L8-9,2025-07-19T14:27:19,ndwi_negativo
LC82320832025288LGN00,L8-9,2025-10-15T14:27:45,enmascarado_por_qa(0/9_validos)
LC82320832025304LGN00,L8-9,2025-10-31T14:27:47,enmascarado_por_qa(0/9_validos)
LC82320832025320LGN00,L8-9,2025-11-16T14:27:46,enmascarado_por_qa(0/9_validos)
